Date,Time,Temp,Hum,Press
03/23/22,01:08,24.5,30.9,758.9,
03/23/22,01:13,24.5,31.0,758.8,
03/23/22,01:18,24.4,31.2,758.8,
03/23/22,01:23,24.5,30.9,758.9,
03/23/22,01:28,24.5,30.6,758.8,
03/23/22,01:33,24.5,31.1,758.9,
03/23/22,01:38,24.5,31.0,758.9,
03/23/22,01:43,24.4,31.8,758.9,
03/23/22,01:48,24.4,31.4,758.9,
03/23/22,01:53,24.4,31.4,758.9,
03/23/22,01:58,24.4,31.7,758.9,
03/23/22,02:03,24.4,31.6,758.9,
03/23/22,02:08,24.4,31.9,758.9,
03/23/22,02:13,24.4,31.7,758.9,
03/23/22,02:18,24.4,31.8,758.9,
03/23/22,02:24,24.4,32.3,758.8,
03/23/22,02:29,24.3,32.1,758.9,
03/23/22,02:34,24.4,32.2,758.9,
03/23/22,02:39,24.4,32.1,758.9,
03/23/22,02:44,24.4,32.2,758.9,
03/23/22,02:49,24.4,32.2,758.8,
03/23/22,02:54,24.4,32.4,758.8,
03/23/22,02:59,24.4,32.3,758.8,
03/23/22,03:04,24.3,32.3,758.8,
03/23/22,03:09,24.3,32.2,758.8,
03/23/22,03:14,24.4,32.5,758.6,
03/23/22,03:19,24.3,32.5,758.7,
03/23/22,03:24,24.4,32.5,758.6,
03/23/22,03:29,24.4,32.6,758.7,
03/23/22,03:34,24.4,32.8,758.6,
03/23/22,03:39,24.3,32.6,758.6,
03/23/22,03:44,24.3,32.7,758.6,
03/23/22,03:49,24.3,32.8,758.5,
03/23/22,03:54,24.3,33.0,758.5,
03/23/22,03:59,24.3,32.8,758.4,
03/23/22,04:04,24.3,32.9,758.5,
03/23/22,04:09,24.3,32.8,758.5,
03/23/22,04:14,24.3,32.8,758.4,
03/23/22,04:19,24.3,32.9,758.5,
03/23/22,04:24,24.3,33.3,758.4,
03/23/22,04:29,24.3,32.9,758.4,
03/23/22,04:34,24.4,33.1,758.4,
03/23/22,04:39,24.4,33.1,758.4,
03/23/22,04:45,24.4,32.7,758.4,
03/23/22,04:50,24.4,33.0,758.4,
03/23/22,04:55,24.4,33.0,758.3,
03/23/22,05:00,24.3,32.7,758.4,
03/23/22,05:05,24.3,33.2,758.3,
03/23/22,05:10,24.3,33.1,758.3,
03/23/22,05:15,24.3,32.8,758.2,
03/23/22,05:20,24.4,33.4,758.2,
03/23/22,05:25,24.3,33.3,758.2,
03/23/22,05:30,24.5,33.1,758.2,
03/23/22,05:35,24.4,33.3,758.2,
03/23/22,05:40,24.5,33.5,758.2,
03/23/22,05:45,24.4,33.4,758.1,
03/23/22,05:50,24.4,33.1,758.1,
03/23/22,05:55,24.4,34.0,758.1,
03/23/22,06:00,24.5,33.2,758.1,
03/23/22,06:05,24.5,33.3,758.1,
03/23/22,06:10,24.5,33.3,758.0,
03/23/22,06:15,24.5,33.7,758.1,
03/23/22,06:20,24.5,33.5,758.0,
03/23/22,06:25,24.6,33.3,758.0,
03/23/22,06:30,24.5,33.9,758.0,
03/23/22,06:35,24.6,33.7,757.9,
03/23/22,06:40,24.6,33.9,758.0,
03/23/22,06:45,24.5,33.7,757.9,
03/23/22,06:50,24.6,33.5,757.9,
03/23/22,06:55,24.5,33.9,757.9,
03/23/22,07:00,24.5,33.4,757.9,
03/23/22,07:05,24.5,33.7,757.9,
03/23/22,07:10,24.4,33.7,757.8,
03/23/22,07:15,24.6,33.5,757.9,
03/23/22,07:20,24.6,33.6,757.9,
03/23/22,07:25,24.4,33.9,757.8,
03/23/22,07:31,24.4,33.7,757.9,
03/23/22,07:36,24.4,34.0,757.8,
03/23/22,07:41,24.5,33.7,757.8,
03/23/22,07:46,24.5,33.4,757.8,
03/23/22,07:51,24.6,33.4,757.7,
03/23/22,07:56,24.5,33.6,757.7,
03/23/22,08:01,24.6,34.0,757.7,
03/23/22,08:06,24.6,33.7,757.8,
03/23/22,08:11,24.6,33.7,757.7,
03/23/22,08:16,24.7,34.0,757.7,
03/23/22,08:21,24.6,34.0,757.7,
03/23/22,08:26,24.5,33.8,757.7,
03/23/22,08:31,24.6,33.7,757.7,
03/23/22,08:36,24.5,33.8,757.7,
03/23/22,08:41,24.5,34.0,757.7,
03/23/22,08:46,24.4,34.0,757.7,
03/23/22,08:51,24.4,34.2,757.7,
03/23/22,08:56,24.3,33.7,757.6,
03/23/22,09:01,24.3,34.4,757.6,
03/23/22,09:06,24.3,33.9,757.6,
03/23/22,09:11,24.3,33.3,757.5,
03/23/22,09:16,24.1,32.7,757.6,
03/23/22,09:21,24.1,32.9,757.5,
03/23/22,09:26,24.1,32.9,757.5,
03/23/22,09:31,24.1,32.7,757.5,
03/23/22,09:36,24.4,32.4,757.5,
03/23/22,09:41,24.4,32.7,757.5,
03/23/22,09:46,24.4,33.0,757.4,
03/23/22,09:52,24.3,33.0,757.4,
03/23/22,09:57,24.3,32.9,757.5,
03/23/22,10:02,24.2,32.9,757.4,
03/23/22,10:07,24.2,32.3,757.4,
03/23/22,10:12,24.2,32.7,757.3,
03/23/22,10:17,24.2,32.9,757.3,
03/23/22,10:22,24.2,33.0,757.3,
03/23/22,10:27,24.3,32.9,757.2,
03/23/22,10:32,24.3,32.6,757.2,
03/23/22,10:37,24.3,32.6,757.2,
03/23/22,10:42,24.3,32.8,757.2,
03/23/22,10:47,24.4,32.7,757.1,
03/23/22,10:52,24.5,32.8,757.2,
03/23/22,10:57,24.4,32.6,757.1,
03/23/22,11:02,24.6,32.4,757.0,
03/23/22,11:07,24.6,32.4,757.0,
03/23/22,11:12,24.5,32.6,757.0,
03/23/22,11:17,24.5,32.5,756.8,
03/23/22,11:22,24.5,32.1,756.9,
03/23/22,11:27,24.5,32.2,756.8,
03/23/22,11:32,24.4,32.4,756.8,
03/23/22,11:37,24.4,32.4,756.7,
03/23/22,11:42,24.4,32.5,756.7,
03/23/22,11:47,24.5,32.4,756.7,
03/23/22,11:52,24.4,32.3,756.6,
03/23/22,11:57,24.4,32.5,756.5,
03/23/22,12:02,24.5,32.3,756.5,
03/23/22,12:07,24.3,32.4,756.5,
03/23/22,12:12,24.4,32.1,756.5,
03/23/22,12:17,24.4,32.3,756.4,
03/23/22,12:22,24.4,32.3,756.3,
03/23/22,12:27,24.3,32.5,756.3,
03/23/22,12:32,24.4,32.9,756.3,
03/23/22,12:37,24.3,32.6,756.2,
03/23/22,12:42,24.3,32.7,756.2,
03/23/22,12:47,24.2,32.8,756.1,
03/23/22,12:52,24.3,32.9,756.1,
03/23/22,12:57,24.4,33.6,756.1,
03/23/22,13:02,24.4,33.1,756.0,
03/23/22,13:08,24.3,33.0,755.9,
03/23/22,13:13,24.3,33.1,755.9,
03/23/22,13:18,24.3,33.1,755.9,
03/23/22,13:23,24.3,33.0,755.8,
03/23/22,13:28,24.3,33.0,755.7,
03/23/22,13:33,24.3,33.0,755.7,
03/23/22,13:38,24.3,32.9,755.6,
03/23/22,13:43,24.3,33.0,755.6,
03/23/22,13:48,24.4,33.0,755.6,
03/23/22,13:53,24.3,32.9,755.5,
03/23/22,13:58,24.2,33.1,755.5,
03/23/22,14:03,24.3,33.2,755.3,
03/23/22,14:08,24.4,33.2,755.3,
03/23/22,14:13,24.3,32.7,755.2,
03/23/22,14:18,24.2,32.7,755.3,
03/23/22,14:23,24.3,33.4,755.2,
03/23/22,14:28,24.4,34.6,755.2,
03/23/22,14:33,24.4,34.4,755.1,
03/23/22,14:38,24.4,34.5,755.0,
03/23/22,14:43,24.4,35.2,755.0,
03/23/22,14:48,24.4,34.9,754.9,
03/23/22,14:53,24.4,34.8,754.9,
03/23/22,14:58,24.4,35.4,754.8,
03/23/22,15:04,24.4,35.7,754.8,
03/23/22,15:09,24.4,35.6,754.7,
03/23/22,15:14,24.5,35.4,754.7,
03/23/22,15:19,24.5,35.1,754.6,
03/23/22,15:24,24.5,35.7,754.6,
03/23/22,15:29,24.5,35.5,754.5,
03/23/22,15:34,24.5,35.6,754.5,
03/23/22,15:39,24.5,35.5,754.4,
03/23/22,15:44,24.4,35.2,754.5,
03/23/22,15:49,24.5,35.4,754.3,
03/23/22,15:54,24.5,35.6,754.3,
03/23/22,15:59,24.5,35.8,754.3,
03/23/22,16:04,24.6,38.6,754.3,
03/23/22,16:09,24.7,42.4,754.2,
03/23/22,16:14,24.7,45.6,754.2,
03/23/22,16:19,24.8,44.8,754.1,
03/23/22,16:24,24.8,44.8,754.1,
03/23/22,16:30,24.8,45.9,754.1,
03/23/22,16:35,24.8,43.9,754.0,
03/23/22,16:40,24.8,43.9,754.0,
03/23/22,16:45,24.7,43.1,753.9,
03/23/22,16:50,24.7,43.0,753.8,
03/23/22,16:55,24.6,42.6,753.9,
03/23/22,17:00,24.6,42.3,753.8,
03/23/22,17:05,24.7,41.3,753.7,
03/23/22,17:10,24.7,40.8,753.7,
03/23/22,17:15,24.7,40.9,753.6,
03/23/22,17:20,24.7,40.8,753.6,
03/23/22,17:25,24.7,40.2,753.5,
03/23/22,17:30,24.7,40.2,753.5,
03/23/22,17:35,24.6,40.2,753.5,
03/23/22,17:40,24.7,39.8,753.5,
03/23/22,17:45,24.7,39.4,753.4,
03/23/22,17:50,24.6,39.3,753.4,
03/23/22,17:55,24.7,39.5,753.4,
03/23/22,18:00,24.6,39.5,753.3,
03/23/22,18:05,24.3,39.0,753.2,
03/23/22,18:10,24.2,39.0,753.2,
03/23/22,18:15,24.2,39.2,753.2,
03/23/22,18:20,24.2,38.7,753.1,
03/23/22,18:25,24.1,39.3,753.0,
03/23/22,18:30,24.0,38.9,753.1,
03/23/22,18:35,24.0,39.7,753.0,
03/23/22,18:40,24.0,39.5,753.0,
03/23/22,18:45,24.0,39.3,753.0,
03/23/22,18:50,24.2,39.1,753.0,
03/23/22,18:55,24.0,39.4,753.0,
03/23/22,19:00,24.0,39.6,753.0,
03/23/22,19:05,24.0,40.0,752.9,
03/23/22,19:10,24.0,40.0,753.0,
03/23/22,19:15,23.9,40.2,752.9,
03/23/22,19:20,24.0,39.9,752.8,
03/23/22,19:25,24.0,39.8,752.9,
03/23/22,19:30,24.0,39.7,752.9,
03/23/22,19:36,24.0,39.5,752.8,
03/23/22,19:41,24.1,39.3,752.8,
03/23/22,19:46,24.0,39.4,752.9,
03/23/22,19:51,24.0,39.3,752.8,
03/23/22,19:56,24.0,38.8,752.8,
03/23/22,20:01,24.1,38.7,752.7,
03/23/22,20:06,24.0,39.0,752.8,
03/23/22,20:11,24.1,40.5,752.8,
03/23/22,20:16,24.1,42.0,752.8,
03/23/22,20:21,24.2,43.7,752.8,
03/23/22,20:26,24.2,43.8,752.8,
03/23/22,20:31,24.2,43.1,752.7,
03/23/22,20:36,24.2,43.1,752.7,
03/23/22,20:41,24.2,42.4,752.6,
03/23/22,20:46,24.2,42.1,752.6,
03/23/22,20:51,24.2,41.8,752.6,
03/23/22,20:56,24.3,41.7,752.6,
03/23/22,21:01,24.3,41.3,752.5,
03/23/22,21:06,24.2,40.9,752.5,
03/23/22,21:11,24.4,41.2,752.5,
03/23/22,21:16,24.5,41.5,752.4,
03/23/22,21:21,24.5,41.1,752.4,
03/23/22,21:26,24.4,41.0,752.4,
03/23/22,21:31,24.4,40.8,752.3,
03/23/22,21:36,24.4,40.8,752.2,
03/23/22,21:42,24.5,40.9,752.2,
03/23/22,21:47,24.5,41.0,752.2,
03/23/22,21:52,24.5,40.7,752.2,
03/23/22,21:57,24.5,40.6,752.2,
03/23/22,22:02,24.5,40.8,752.1,
03/23/22,22:07,24.4,40.5,752.1,
03/23/22,22:12,24.5,40.8,752.0,
03/23/22,22:17,24.5,40.6,752.1,
03/23/22,22:22,24.6,40.0,752.1,
03/23/22,22:27,24.7,40.3,752.1,
03/23/22,22:32,24.7,40.0,752.1,
03/23/22,22:37,24.6,39.7,752.0,
03/23/22,22:42,24.6,40.0,751.9,
03/23/22,22:47,24.7,39.8,751.9,
03/23/22,22:52,24.7,39.4,751.8,
03/23/22,22:57,24.8,39.3,751.9,
03/23/22,23:02,24.8,39.4,751.8,
03/23/22,23:07,24.7,39.1,751.7,
03/23/22,23:12,24.8,39.1,751.7,
03/23/22,23:17,24.7,39.2,751.7,
03/23/22,23:23,24.8,38.9,751.6,
03/23/22,23:28,24.8,38.6,751.7,
03/23/22,23:33,24.8,38.5,751.7,
03/23/22,23:38,24.7,38.1,751.6,
03/23/22,23:43,24.8,37.8,751.6,
03/23/22,23:48,24.7,37.9,751.6,
03/23/22,23:53,24.8,38.0,751.6,
03/23/22,23:58,24.7,37.8,751.5,
03/24/22,00:03,24.8,37.4,751.5,
03/24/22,00:08,24.7,37.1,751.5,
03/24/22,00:13,24.6,37.3,751.4,
03/24/22,00:18,24.6,37.1,751.5,
03/24/22,00:23,24.6,36.9,751.4,
03/24/22,00:28,24.7,36.6,751.3,
03/24/22,00:33,24.7,36.8,751.4,
03/24/22,00:38,24.7,36.6,751.4,
03/24/22,00:43,24.7,36.0,751.3,
03/24/22,00:48,24.7,36.5,751.3,
03/24/22,00:53,24.7,36.3,751.2,
03/24/22,00:58,24.6,36.5,751.2,
03/24/22,01:03,24.5,36.6,751.2,
03/24/22,01:08,24.4,36.4,751.1,
03/24/22,01:14,24.4,36.3,751.2,
03/24/22,01:19,24.5,36.5,751.1,
03/24/22,01:24,24.4,36.5,751.0,
03/24/22,01:29,24.3,36.6,751.0,
03/24/22,01:34,24.4,36.6,751.0,
03/24/22,01:39,24.4,36.3,750.9,
03/24/22,01:44,24.3,36.3,750.9,
03/24/22,01:49,24.4,36.4,750.9,
03/24/22,01:54,24.3,36.4,750.8,
03/24/22,01:59,24.3,36.2,750.8,
03/24/22,02:04,24.3,36.4,750.8,
03/24/22,02:09,24.4,36.0,750.8,
03/24/22,02:14,24.3,36.1,750.7,
03/24/22,02:19,24.3,36.1,750.7,
03/24/22,02:24,24.3,36.4,750.6,
03/24/22,02:29,24.3,36.1,750.6,
03/24/22,02:34,24.3,35.8,750.5,
03/24/22,02:39,24.3,35.6,750.5,
03/24/22,02:44,24.4,35.8,750.4,
03/24/22,02:49,24.3,36.0,750.3,
03/24/22,02:54,24.3,35.8,750.4,
03/24/22,02:59,24.3,35.7,750.3,
03/24/22,03:04,24.2,35.6,750.2,
03/24/22,03:09,24.3,35.9,750.2,
03/24/22,03:14,24.3,35.7,750.2,
03/24/22,03:19,24.3,35.2,750.0,
03/24/22,03:24,24.3,35.4,750.0,
03/24/22,03:29,24.3,35.4,750.0,
03/24/22,03:34,24.3,35.4,750.0,
03/24/22,03:39,24.3,35.4,749.9,
03/24/22,03:44,24.3,35.3,749.9,
03/24/22,03:49,24.3,35.1,749.8,
03/24/22,03:55,24.3,35.1,749.8,
03/24/22,04:00,24.3,35.4,749.8,
03/24/22,04:05,24.3,34.9,749.7,
03/24/22,04:10,24.3,35.2,749.7,
03/24/22,04:15,24.3,35.2,749.7,
03/24/22,04:20,24.3,34.7,749.6,
03/24/22,04:25,24.3,34.8,749.7,
03/24/22,04:30,24.3,35.5,749.6,
03/24/22,04:35,24.3,35.2,749.6,
03/24/22,04:40,24.3,35.1,749.6,
03/24/22,04:45,24.3,34.9,749.5,
03/24/22,04:50,24.3,34.7,749.5,
03/24/22,04:55,24.4,34.8,749.5,
03/24/22,05:00,24.3,35.1,749.5,
03/24/22,05:05,24.3,34.2,749.5,
03/24/22,05:10,24.3,34.8,749.4,
03/24/22,05:15,24.3,34.6,749.5,
03/24/22,05:20,24.3,34.3,749.4,
03/24/22,05:25,24.4,34.2,749.4,
03/24/22,05:30,24.4,34.6,749.3,
03/24/22,05:35,24.3,34.4,749.3,
03/24/22,05:40,24.4,34.3,749.3,
03/24/22,05:45,24.3,34.1,749.3,
03/24/22,05:50,24.3,34.2,749.3,
03/24/22,05:55,24.3,34.5,749.2,
03/24/22,06:00,24.3,34.1,749.2,
03/24/22,06:06,24.3,34.0,749.2,
03/24/22,06:11,24.4,34.1,749.2,
03/24/22,06:16,24.4,33.9,749.2,
03/24/22,06:21,24.4,34.2,749.1,
03/24/22,06:26,24.3,34.0,749.1,
03/24/22,06:31,24.3,34.3,749.0,
03/24/22,06:36,24.3,33.8,749.0,
03/24/22,06:41,24.3,33.8,748.9,
03/24/22,06:46,24.3,34.0,748.9,
03/24/22,06:51,24.3,34.1,748.9,
03/24/22,06:56,24.3,33.8,749.0,
03/24/22,07:01,24.4,33.7,748.9,
03/24/22,07:06,24.3,33.6,748.9,
03/24/22,07:11,24.3,33.5,748.9,
03/24/22,07:16,24.4,33.7,748.8,
03/24/22,07:21,24.3,33.8,748.8,
03/24/22,07:26,24.3,33.9,748.8,
03/24/22,07:31,24.3,33.7,748.8,
03/24/22,07:36,24.3,33.6,748.8,
03/24/22,07:41,24.4,33.8,748.9,
03/24/22,07:46,24.4,33.3,748.8,
03/24/22,07:51,24.3,33.3,748.8,
03/24/22,07:56,24.2,33.2,748.8,
03/24/22,08:01,24.3,33.7,748.8,
03/24/22,08:06,24.4,33.6,748.7,
03/24/22,08:11,24.3,33.3,748.8,
03/24/22,08:16,24.3,33.4,748.8,
03/24/22,08:21,24.3,33.0,748.8,
03/24/22,08:27,24.4,33.3,748.8,
03/24/22,08:32,24.3,33.3,748.8,
03/24/22,08:37,24.3,33.3,748.8,
03/24/22,08:42,24.4,33.6,748.8,
03/24/22,08:47,24.4,33.2,748.8,
03/24/22,08:52,24.3,33.3,748.8,
03/24/22,08:57,24.4,33.3,748.9,
03/24/22,09:02,24.3,33.4,748.8,
03/24/22,09:07,24.3,33.0,748.9,
03/24/22,09:12,24.2,33.2,748.9,
03/24/22,09:17,24.2,33.0,749.0,
03/24/22,09:22,24.1,32.5,748.9,
03/24/22,09:27,24.1,32.5,748.9,
03/24/22,09:32,24.2,31.9,748.9,
03/24/22,09:37,24.2,31.8,748.9,
03/24/22,09:42,24.2,32.0,748.9,
03/24/22,09:47,24.2,31.8,748.9,
03/24/22,09:52,24.2,31.8,748.9,
03/24/22,09:57,24.1,31.9,748.9,
03/24/22,10:02,24.2,32.4,748.9,
03/24/22,10:07,24.1,32.3,748.9,
03/24/22,10:12,24.3,32.2,748.9,
03/24/22,10:17,24.3,32.3,748.9,
03/24/22,10:22,24.3,32.7,748.9,
03/24/22,10:27,24.4,33.2,748.9,
03/24/22,10:32,24.5,33.0,748.9,
03/24/22,10:37,24.6,34.0,748.9,
03/24/22,10:42,24.6,33.3,748.8,
03/24/22,10:47,24.5,33.5,748.9,
03/24/22,10:52,24.5,33.6,748.9,
03/24/22,10:58,24.5,33.9,748.9,
03/24/22,11:03,24.6,33.9,748.9,
03/24/22,11:08,24.6,34.1,748.9,
03/24/22,11:13,24.6,33.6,748.8,
03/24/22,11:18,24.6,33.5,748.8,
03/24/22,11:23,24.6,33.2,748.8,
03/24/22,11:28,24.6,33.0,748.8,
03/24/22,11:33,24.5,33.3,748.8,
03/24/22,11:38,24.6,33.2,748.7,
03/24/22,11:43,24.6,33.2,748.7,
03/24/22,11:48,24.6,33.2,748.7,
03/24/22,11:53,24.6,33.3,748.6,
03/24/22,11:58,24.6,33.0,748.8,
03/24/22,12:03,24.5,32.7,748.7,
03/24/22,12:08,24.6,33.0,748.7,
03/24/22,12:13,24.5,32.7,748.6,
03/24/22,12:18,24.6,32.7,748.7,
03/24/22,12:23,24.5,33.2,748.7,
03/24/22,12:29,24.5,32.7,748.7,
03/24/22,12:34,24.5,32.7,748.7,
03/24/22,12:39,24.5,32.6,748.7,
03/24/22,12:44,24.6,32.5,748.7,
03/24/22,12:49,24.6,32.8,748.7,
03/24/22,12:54,24.7,32.8,748.7,
03/24/22,12:59,24.7,33.0,748.7,
03/24/22,13:04,24.6,33.0,748.7,
03/24/22,13:09,24.6,32.9,748.7,
03/24/22,13:14,24.7,33.1,748.7,
03/24/22,13:19,24.6,33.3,748.7,
03/24/22,13:24,24.7,33.5,748.7,
03/24/22,13:29,24.7,33.2,748.7,
03/24/22,13:34,24.7,33.9,748.7,
03/24/22,13:39,24.7,33.7,748.7,
03/24/22,13:44,24.6,33.5,748.7,
03/24/22,13:49,24.7,33.6,748.8,
03/24/22,13:54,24.7,33.6,748.7,
03/24/22,13:59,24.6,33.5,748.7,
03/24/22,14:04,24.7,33.7,748.7,
03/24/22,14:09,24.8,33.7,748.7,
03/24/22,14:14,24.8,34.1,748.7,
03/24/22,14:19,24.7,34.1,748.7,
03/24/22,14:24,24.7,34.2,748.7,
03/24/22,14:29,24.7,34.3,748.7,
03/24/22,14:34,24.7,34.3,748.7,
03/24/22,14:39,24.7,33.7,748.7,
03/24/22,14:44,24.7,33.9,748.7,
03/24/22,14:50,24.7,34.1,748.7,
03/24/22,14:55,24.7,34.2,748.7,
03/24/22,15:00,24.7,33.7,748.7,
03/24/22,15:05,24.8,33.7,748.6,
03/24/22,15:10,24.7,34.0,748.7,
03/24/22,15:15,24.7,33.6,748.8,
03/24/22,15:20,24.8,33.9,748.7,
03/24/22,15:25,24.8,34.0,748.7,
03/24/22,15:30,24.7,33.8,748.7,
03/24/22,15:35,24.8,34.0,748.7,
03/24/22,15:40,24.8,33.8,748.6,
03/24/22,15:45,24.7,34.0,748.7,
03/24/22,15:50,24.7,33.9,748.6,
03/24/22,15:55,24.7,33.8,748.7,
03/24/22,16:00,24.7,33.5,748.6,
03/24/22,16:05,24.8,33.7,748.6,
03/24/22,16:10,24.9,33.7,748.7,
03/24/22,16:15,24.9,34.0,748.6,
03/24/22,16:20,24.9,34.2,748.7,
03/24/22,16:25,24.8,34.0,748.7,
03/24/22,16:30,24.8,34.6,748.7,
03/24/22,16:35,24.8,34.4,748.7,
03/24/22,16:40,24.9,34.2,748.7,
03/24/22,16:45,24.7,34.3,748.7,
03/24/22,16:50,24.5,33.2,748.7,
03/24/22,16:55,24.5,33.3,748.7,
03/24/22,17:00,24.6,33.3,748.7,
03/24/22,17:05,24.6,33.6,748.7,
03/24/22,17:10,24.7,33.5,748.6,
03/24/22,17:15,24.6,33.6,748.7,
03/24/22,17:20,24.6,33.5,748.7,
03/24/22,17:25,24.6,33.5,748.7,
03/24/22,17:30,24.6,33.8,748.8,
03/24/22,17:35,24.7,33.7,748.8,
03/24/22,17:40,24.7,34.2,748.8,
03/24/22,17:45,24.7,34.5,748.7,
03/24/22,17:50,24.8,34.4,748.8,
03/24/22,17:55,24.6,34.2,748.8,
03/24/22,18:00,24.6,34.6,748.9,
03/24/22,18:05,24.6,34.6,748.8,
03/24/22,18:10,24.6,34.2,748.9,
03/24/22,18:16,24.6,34.2,748.9,
03/24/22,18:21,24.6,33.9,748.9,
03/24/22,18:26,24.6,33.9,748.9,
03/24/22,18:31,24.6,34.1,748.9,
03/24/22,18:36,24.7,34.0,748.8,
03/24/22,18:41,24.6,33.8,748.9,
03/24/22,18:46,24.6,33.7,748.9,
03/24/22,18:51,24.6,33.3,749.0,
03/24/22,18:56,24.6,33.4,748.9,
03/24/22,19:01,24.6,33.5,749.0,
03/24/22,19:06,24.6,33.8,749.0,
03/24/22,19:11,24.8,33.9,749.0,
03/24/22,19:16,24.8,34.1,749.0,
03/24/22,19:21,24.9,34.4,749.1,
03/24/22,19:26,24.8,34.2,749.2,
03/24/22,19:31,24.8,34.1,749.2,
03/24/22,19:36,24.8,34.8,749.2,
03/24/22,19:41,24.9,34.7,749.2,
03/24/22,19:46,24.8,34.6,749.3,
03/24/22,19:51,24.8,34.4,749.3,
03/24/22,19:56,24.8,34.4,749.3,
03/24/22,20:01,24.9,34.2,749.4,
03/24/22,20:06,24.9,34.3,749.4,
03/24/22,20:11,24.9,34.4,749.4,
03/24/22,20:17,24.9,35.2,749.5,
03/24/22,20:22,24.9,35.1,749.4,
03/24/22,20:27,25.0,36.8,749.5,
03/24/22,20:32,25.0,37.2,749.5,
03/24/22,20:37,25.1,36.6,749.6,
03/24/22,20:42,25.0,36.3,749.6,
03/24/22,20:47,25.1,36.6,749.6,
03/24/22,20:52,25.1,36.6,749.7,
03/24/22,20:57,25.0,37.1,749.7,
03/24/22,21:02,25.2,36.6,749.7,
03/24/22,21:07,25.1,36.7,749.8,
03/24/22,21:12,25.1,36.5,749.8,
03/24/22,21:17,25.1,36.7,749.8,
03/24/22,21:22,25.0,36.2,749.9,
03/24/22,21:27,25.1,36.3,749.9,
03/24/22,21:32,25.1,36.1,749.9,
03/24/22,21:37,25.0,36.0,749.9,
03/24/22,21:42,25.1,35.8,749.9,
03/24/22,21:47,25.1,35.8,749.9,
03/24/22,21:52,25.2,35.7,749.9,
03/24/22,21:57,25.2,35.5,749.9,
03/24/22,22:02,25.1,35.7,749.9,
03/24/22,22:07,25.0,35.5,749.9,
03/24/22,22:12,25.1,35.3,750.0,
03/24/22,22:17,25.2,35.1,750.0,
03/24/22,22:22,25.2,35.5,750.1,
03/24/22,22:27,25.3,34.8,750.1,
03/24/22,22:32,25.2,35.1,750.2,
03/24/22,22:37,25.2,35.2,750.1,
03/24/22,22:42,25.3,35.7,750.2,
03/24/22,22:48,25.2,35.2,750.2,
03/24/22,22:53,25.3,35.3,750.2,
03/24/22,22:58,25.3,35.1,750.3,
03/24/22,23:03,25.3,35.0,750.2,
03/24/22,23:08,25.3,34.8,750.2,
03/24/22,23:13,25.3,35.1,750.2,
03/24/22,23:18,25.3,35.9,750.2,
03/24/22,23:23,25.3,36.0,750.2,
03/24/22,23:28,25.4,35.8,750.3,
03/24/22,23:33,25.3,35.2,750.3,
03/24/22,23:38,25.3,35.2,750.3,
03/24/22,23:43,25.3,35.1,750.3,
03/24/22,23:48,25.3,35.3,750.3,
03/24/22,23:53,25.4,35.0,750.3,
03/24/22,23:58,25.4,34.9,750.3,
03/25/22,00:03,25.3,34.4,750.3,
03/25/22,00:08,25.3,34.5,750.3,
03/25/22,00:13,25.3,34.0,750.3,
03/25/22,00:18,25.1,34.0,750.3,
03/25/22,00:23,25.0,34.0,750.3,
03/25/22,00:28,25.0,34.2,750.4,
03/25/22,00:33,24.9,33.7,750.4,
03/25/22,00:38,25.0,34.2,750.3,
03/25/22,00:43,24.9,33.8,750.4,
03/25/22,00:48,24.9,34.0,750.4,
03/25/22,00:53,24.8,33.7,750.5,
03/25/22,00:58,24.9,34.0,750.4,
03/25/22,01:04,24.7,34.6,750.4,
03/25/22,01:09,24.8,34.2,750.4,
03/25/22,01:14,24.7,33.8,750.4,
03/25/22,01:19,24.7,34.0,750.4,
03/25/22,01:24,24.7,34.4,750.4,
03/25/22,01:29,24.7,33.9,750.4,
03/25/22,01:34,24.7,33.8,750.4,
03/25/22,01:39,24.7,33.9,750.4,
03/25/22,01:44,24.7,33.8,750.4,
03/25/22,01:49,24.7,33.8,750.4,
03/25/22,01:54,24.7,33.6,750.6,
03/25/22,01:59,24.7,33.8,750.5,
03/25/22,02:04,24.6,33.9,750.4,
03/25/22,02:09,24.7,33.7,750.4,
03/25/22,02:14,24.7,33.9,750.4,
03/25/22,02:19,24.6,33.8,750.4,
03/25/22,02:24,24.6,33.7,750.4,
03/25/22,02:29,24.6,33.6,750.4,
03/25/22,02:34,24.7,33.5,750.4,
03/25/22,02:39,24.7,33.4,750.4,
03/25/22,02:44,24.7,33.4,750.4,
03/25/22,02:49,24.6,33.4,750.4,
03/25/22,02:54,24.6,33.4,750.3,
03/25/22,02:59,24.6,33.5,750.3,
03/25/22,03:04,24.6,33.3,750.4,
03/25/22,03:09,24.6,33.3,750.4,
03/25/22,03:14,24.6,33.4,750.2,
03/25/22,03:19,24.6,33.5,750.2,
03/25/22,03:24,24.7,33.5,750.3,
03/25/22,03:30,24.6,32.9,750.3,
03/25/22,03:35,24.6,33.1,750.3,
03/25/22,03:40,24.7,33.0,750.2,
03/25/22,03:45,24.6,33.1,750.3,
03/25/22,03:50,24.6,33.1,750.2,
03/25/22,03:55,24.6,33.1,750.2,
03/25/22,04:00,24.7,33.2,750.2,
03/25/22,04:05,24.6,33.1,750.2,
03/25/22,04:10,24.6,33.0,750.2,
03/25/22,04:15,24.7,33.4,750.2,
03/25/22,04:20,24.6,32.8,750.2,
03/25/22,04:25,24.6,33.0,750.2,
03/25/22,04:30,24.6,33.1,750.2,
03/25/22,04:35,24.6,32.7,750.2,
03/25/22,04:40,24.6,32.7,750.2,
03/25/22,04:45,24.6,32.6,750.2,
03/25/22,04:50,24.7,32.8,750.2,
03/25/22,04:55,24.6,32.7,750.3,
03/25/22,05:00,24.6,33.0,750.2,
03/25/22,05:05,24.6,32.2,750.2,
03/25/22,05:10,24.6,32.6,750.3,
03/25/22,05:15,24.6,32.7,750.3,
03/25/22,05:20,24.6,33.0,750.4,
03/25/22,05:25,24.6,32.7,750.4,
03/25/22,05:31,24.6,32.4,750.4,
03/25/22,05:36,24.7,32.2,750.4,
03/25/22,05:41,24.6,32.6,750.4,
03/25/22,05:46,24.6,32.6,750.4,
03/25/22,05:51,24.6,32.5,750.4,
03/25/22,05:56,24.6,32.5,750.5,
03/25/22,06:01,24.6,32.4,750.5,
03/25/22,06:06,24.6,32.3,750.5,
03/25/22,06:11,24.6,32.2,750.6,
03/25/22,06:16,24.6,32.3,750.6,
03/25/22,06:21,24.6,32.3,750.6,
03/25/22,06:26,24.5,32.5,750.6,
03/25/22,06:31,24.7,32.4,750.6,
03/25/22,06:36,24.7,32.4,750.7,
03/25/22,06:41,24.7,32.6,750.6,
03/25/22,06:46,24.6,32.2,750.6,
03/25/22,06:51,24.6,32.3,750.6,
03/25/22,06:56,24.6,32.1,750.6,
03/25/22,07:01,24.5,32.4,750.5,
03/25/22,07:06,24.5,32.3,750.5,
03/25/22,07:11,24.6,32.3,750.5,
03/25/22,07:16,24.6,32.2,750.5,
03/25/22,07:21,24.5,32.2,750.6,
03/25/22,07:26,24.6,32.4,750.5,
03/25/22,07:31,24.6,32.1,750.5,
03/25/22,07:37,24.5,31.9,750.6,
03/25/22,07:42,24.6,32.1,750.6,
03/25/22,07:47,24.6,32.1,750.6,
03/25/22,07:52,24.5,32.1,750.6,
03/25/22,07:57,24.6,32.0,750.6,
03/25/22,08:02,24.5,32.2,750.6,
03/25/22,08:07,24.6,32.7,750.6,
03/25/22,08:12,24.5,31.9,750.7,
03/25/22,08:17,24.6,31.8,750.7,
03/25/22,08:22,24.5,32.4,750.7,
03/25/22,08:27,24.6,31.5,750.7,
03/25/22,08:32,24.6,31.4,750.7,
03/25/22,08:37,24.6,31.6,750.6,
03/25/22,08:42,24.5,30.9,750.7,
03/25/22,08:47,24.6,31.1,750.6,
03/25/22,08:52,24.6,31.1,750.7,
03/25/22,08:57,24.6,31.0,750.7,
03/25/22,09:02,24.6,30.9,750.7,
03/25/22,09:07,24.6,31.5,750.7,
03/25/22,09:12,24.5,31.1,750.8,
03/25/22,09:17,24.6,31.2,750.8,
03/25/22,09:22,24.5,31.2,750.8,
03/25/22,09:27,24.5,31.3,750.8,
03/25/22,09:32,24.5,31.3,750.8,
03/25/22,09:37,24.6,31.3,750.8,
03/25/22,09:42,24.6,31.6,750.8,
03/25/22,09:47,24.7,31.5,750.8,
03/25/22,09:52,24.5,31.3,750.9,
03/25/22,09:57,24.5,31.4,750.9,
03/25/22,10:02,24.5,31.5,750.9,
03/25/22,10:07,24.5,31.3,750.9,
03/25/22,10:12,24.5,31.4,750.9,
03/25/22,10:17,24.5,31.3,750.9,
03/25/22,10:22,24.5,31.5,750.9,
03/25/22,10:27,24.6,31.3,750.9,
03/25/22,10:32,24.5,31.4,750.9,
03/25/22,10:38,24.5,31.4,750.9,
03/25/22,10:43,24.5,31.5,750.9,
03/25/22,10:48,24.5,31.6,751.0,
03/25/22,10:53,24.5,31.8,751.0,
03/25/22,10:58,24.5,31.3,751.0,
03/25/22,11:03,24.6,31.4,750.9,
03/25/22,11:08,24.4,31.5,750.9,
03/25/22,11:13,24.5,31.1,750.9,
03/25/22,11:18,24.5,31.2,750.9,
03/25/22,11:23,24.4,31.5,750.8,
03/25/22,11:28,24.3,31.2,750.8,
03/25/22,11:33,24.4,31.0,750.8,
03/25/22,11:38,24.4,31.8,750.8,
03/25/22,11:43,24.4,31.6,750.8,
03/25/22,11:48,24.5,31.7,750.7,
03/25/22,11:53,24.8,32.2,750.7,
03/25/22,11:58,24.7,31.7,750.7,
03/25/22,12:03,24.8,33.0,750.7,
03/25/22,12:08,24.9,33.2,750.8,
03/25/22,12:13,25.0,33.3,750.6,
03/25/22,12:18,24.9,32.9,750.6,
03/25/22,12:23,24.9,33.0,750.6,
03/25/22,12:28,25.0,32.8,750.5,
03/25/22,12:33,24.9,33.2,750.6,
03/25/22,12:38,25.0,33.1,750.5,
03/25/22,12:43,24.9,33.1,750.5,
03/25/22,12:48,25.0,33.3,750.5,
03/25/22,12:53,25.0,32.8,750.5,
03/25/22,12:58,25.1,33.2,750.5,
03/25/22,13:04,25.0,33.2,750.5,
03/25/22,13:09,25.0,33.0,750.4,
03/25/22,13:14,25.0,33.3,750.4,
03/25/22,13:19,25.0,32.7,750.3,
03/25/22,13:24,25.1,34.2,750.4,
03/25/22,13:29,25.3,35.1,750.3,
03/25/22,13:34,25.2,35.9,750.3,
03/25/22,13:39,25.2,36.6,750.2,
03/25/22,13:44,25.3,36.6,750.2,
03/25/22,13:49,25.2,36.4,750.3,
03/25/22,13:54,25.1,36.8,750.2,
03/25/22,13:59,25.2,36.5,750.2,
03/25/22,14:04,25.0,37.2,750.1,
03/25/22,14:09,25.1,37.3,750.1,
03/25/22,14:14,25.0,37.4,750.1,
03/25/22,14:19,25.1,37.2,750.0,
03/25/22,14:24,24.9,36.5,750.0,
03/25/22,14:29,25.0,36.7,750.0,
03/25/22,14:34,25.0,37.2,750.0,
03/25/22,14:39,25.0,37.1,749.9,
03/25/22,14:44,25.1,36.6,749.9,
03/25/22,14:49,25.0,36.3,749.9,
03/25/22,14:54,25.0,36.0,749.8,
03/25/22,14:59,25.0,36.0,749.7,
03/25/22,15:04,24.9,35.8,749.7,
03/25/22,15:09,24.9,35.9,749.7,
03/25/22,15:14,25.0,36.2,749.7,
03/25/22,15:19,25.0,36.3,749.7,
03/25/22,15:24,25.0,36.2,749.7,
03/25/22,15:30,25.0,36.5,749.6,
03/25/22,15:35,25.0,36.8,749.6,
03/25/22,15:40,25.0,36.7,749.7,
03/25/22,15:45,25.0,36.8,749.6,
03/25/22,15:50,24.9,36.6,749.5,
03/25/22,15:55,24.9,37.0,749.5,
03/25/22,16:00,24.9,37.0,749.5,
03/25/22,16:05,24.9,37.0,749.5,
03/25/22,16:10,25.0,37.1,749.5,
03/25/22,16:15,25.0,37.5,749.4,
03/25/22,16:20,25.0,37.4,749.4,
03/25/22,16:25,25.0,37.5,749.3,
03/25/22,16:30,25.0,37.1,749.3,
03/25/22,16:35,25.1,37.3,749.2,
03/25/22,16:40,25.1,37.4,749.2,
03/25/22,16:45,24.9,36.9,749.2,
03/25/22,16:50,25.1,37.5,749.2,
03/25/22,16:55,25.1,37.5,749.2,
03/25/22,17:00,25.0,37.5,749.1,
03/25/22,17:05,25.0,37.3,749.0,
03/25/22,17:10,24.9,37.2,749.1,
03/25/22,17:15,25.0,37.1,749.0,
03/25/22,17:20,25.0,37.2,749.0,
03/25/22,17:25,25.0,37.3,749.0,
03/25/22,17:30,25.0,37.2,748.9,
03/25/22,17:35,25.0,37.1,748.9,
03/25/22,17:40,25.0,37.4,748.9,
03/25/22,17:45,25.0,37.7,748.9,
03/25/22,17:50,25.1,38.4,748.8,
03/25/22,17:55,25.0,38.2,748.8,
03/25/22,18:00,25.1,37.9,748.8,
03/25/22,18:05,25.1,38.0,748.8,
03/25/22,18:10,25.1,38.1,748.7,
03/25/22,18:15,25.1,37.5,748.6,
03/25/22,18:21,25.0,37.3,748.6,
03/25/22,18:26,25.0,37.8,748.5,
03/25/22,18:31,25.0,38.3,748.5,
03/25/22,18:36,25.0,38.2,748.4,
03/25/22,18:41,25.0,38.0,748.4,
03/25/22,18:46,24.9,37.9,748.2,
03/25/22,18:51,25.0,37.7,748.3,
03/25/22,18:56,24.9,37.3,748.2,
03/25/22,19:01,24.9,37.4,748.1,
03/25/22,19:06,24.9,36.7,748.1,
03/25/22,19:11,24.9,36.7,748.1,
03/25/22,19:16,24.9,36.6,748.1,
03/25/22,19:21,25.0,36.5,748.1,
03/25/22,19:26,24.9,36.6,748.1,
03/25/22,19:31,24.9,36.4,748.1,
03/25/22,19:36,24.8,36.2,748.1,
03/25/22,19:41,24.7,36.5,748.0,
03/25/22,19:46,24.7,36.0,747.9,
03/25/22,19:51,24.7,35.5,747.9,
03/25/22,19:56,24.6,35.3,747.8,
03/25/22,20:01,24.7,35.6,747.8,
03/25/22,20:06,24.6,36.1,747.7,
03/25/22,20:11,24.7,36.5,747.7,
03/25/22,20:16,24.6,36.1,747.6,
03/25/22,20:21,24.6,36.5,747.6,
03/25/22,20:26,24.8,37.0,747.6,
03/25/22,20:32,24.8,37.1,747.5,
03/25/22,20:37,24.9,37.1,747.5,
03/25/22,20:42,24.7,37.7,747.5,
03/25/22,20:47,24.7,37.5,747.4,
03/25/22,20:52,24.8,37.7,747.4,
03/25/22,20:57,24.8,37.8,747.2,
03/25/22,21:02,24.8,37.6,747.1,
03/25/22,21:07,24.8,37.4,747.1,
03/25/22,21:12,24.9,37.5,747.0,
03/25/22,21:17,24.9,37.5,747.0,
03/25/22,21:22,24.8,37.8,746.9,
03/25/22,21:27,24.9,37.4,746.8,
03/25/22,21:32,24.9,37.2,746.8,
03/25/22,21:37,24.9,37.7,746.7,
03/25/22,21:42,24.9,37.6,746.7,
03/25/22,21:47,24.9,37.4,746.6,
03/25/22,21:53,25.0,37.7,746.6,
03/25/22,21:58,25.0,37.7,746.6,
03/25/22,22:03,24.9,37.7,746.6,
03/25/22,22:08,25.0,37.7,746.5,
03/25/22,22:13,24.9,37.6,746.5,
03/25/22,22:18,24.9,37.9,746.5,
03/25/22,22:23,25.0,37.7,746.4,
03/25/22,22:28,24.9,37.4,746.3,
03/25/22,22:33,24.7,37.6,746.2,
03/25/22,22:38,24.8,37.6,746.1,
03/25/22,22:43,24.9,37.8,746.1,
03/25/22,22:48,24.9,37.4,746.1,
03/25/22,22:53,24.8,37.7,746.0,
03/25/22,22:58,24.9,37.6,746.0,
03/25/22,23:03,24.8,37.6,745.8,
03/25/22,23:08,24.9,37.9,745.8,
03/25/22,23:13,24.8,37.3,745.7,
03/25/22,23:18,24.9,37.7,745.6,
03/25/22,23:23,24.9,37.6,745.6,
03/25/22,23:28,24.9,37.7,745.5,
03/25/22,23:33,24.9,37.6,745.3,
03/25/22,23:38,24.9,37.7,745.4,
03/25/22,23:43,24.9,37.8,745.3,
03/25/22,23:48,24.8,37.7,745.2,
03/25/22,23:53,24.8,37.9,745.2,
03/25/22,23:58,24.9,38.0,745.1,
03/26/22,00:03,24.9,37.6,744.9,
03/26/22,00:08,24.8,38.2,744.9,
03/26/22,00:13,24.9,37.9,744.9,
03/26/22,00:18,24.8,38.4,744.8,
03/26/22,00:23,24.9,38.2,744.7,
03/26/22,00:28,24.9,38.4,744.6,
03/26/22,00:33,24.8,38.5,744.6,
03/26/22,00:39,24.8,38.2,744.4,
03/26/22,00:44,24.8,38.4,744.3,
03/26/22,00:49,24.9,38.5,744.2,
03/26/22,00:54,24.9,38.0,744.0,
03/26/22,00:59,24.7,38.3,744.0,
03/26/22,01:04,24.6,38.0,743.8,
03/26/22,01:09,24.6,38.0,743.8,
03/26/22,01:14,24.6,37.8,743.6,
03/26/22,01:19,24.5,37.8,743.6,
03/26/22,01:24,24.5,37.7,743.6,
03/26/22,01:29,24.5,37.3,743.4,
03/26/22,01:34,24.5,37.0,743.3,
03/26/22,01:39,24.5,36.9,743.2,
03/26/22,01:44,24.4,37.1,743.2,
03/26/22,01:49,24.4,36.9,743.1,
03/26/22,01:54,24.3,37.0,743.1,
03/26/22,01:59,24.4,37.0,742.9,
03/26/22,02:04,24.3,36.6,742.8,
03/26/22,02:09,24.3,36.7,742.8,
03/26/22,02:14,24.4,36.6,742.6,
03/26/22,02:19,24.2,36.6,742.6,
03/26/22,02:24,24.3,36.4,742.4,
03/26/22,02:29,24.3,36.2,742.3,
03/26/22,02:34,24.3,36.1,742.2,
03/26/22,02:39,24.3,36.0,742.1,
03/26/22,02:44,24.2,36.2,742.0,
03/26/22,02:49,24.3,35.8,741.9,
03/26/22,02:54,24.2,35.8,741.7,
03/26/22,02:59,24.2,35.7,741.6,
03/26/22,03:04,24.2,35.5,741.4,
03/26/22,03:09,24.2,35.7,741.3,
03/26/22,03:14,24.3,35.4,741.2,
03/26/22,03:19,24.2,35.7,741.2,
03/26/22,03:24,24.2,35.2,741.0,
03/26/22,03:29,24.2,35.5,740.8,
03/26/22,03:34,24.1,35.2,740.8,
03/26/22,03:39,24.1,35.3,740.6,
03/26/22,03:45,24.2,35.2,740.5,
03/26/22,03:50,24.2,35.1,740.4,
03/26/22,03:55,24.2,35.1,740.3,
03/26/22,04:00,24.2,34.9,740.1,
03/26/22,04:05,24.2,34.7,740.1,
03/26/22,04:10,24.2,35.0,740.1,
03/26/22,04:15,24.2,34.9,739.9,
03/26/22,04:20,24.2,34.9,739.9,
03/26/22,04:25,24.1,34.9,739.7,
03/26/22,04:30,24.1,34.7,739.5,
03/26/22,04:35,24.2,34.8,739.5,
03/26/22,04:40,24.1,34.7,739.5,
03/26/22,04:45,24.1,34.6,739.3,
03/26/22,04:50,24.1,34.7,739.3,
03/26/22,04:55,24.1,34.7,739.3,
03/26/22,05:00,24.1,34.5,739.3,
03/26/22,05:05,24.1,34.4,739.2,
03/26/22,05:10,24.1,34.4,739.1,
03/26/22,05:15,24.1,34.5,739.0,
03/26/22,05:20,24.1,34.4,738.9,
03/26/22,05:25,24.2,34.3,738.7,
03/26/22,05:30,24.0,34.4,738.5,
03/26/22,05:35,24.1,34.2,738.5,
03/26/22,05:40,24.0,34.1,738.5,
03/26/22,05:45,24.1,34.1,738.5,
03/26/22,05:50,24.1,34.4,738.2,
03/26/22,05:55,24.0,34.0,738.1,
03/26/22,06:00,24.1,34.1,737.9,
03/26/22,06:05,24.1,33.9,737.9,
03/26/22,06:10,24.1,33.9,737.7,
03/26/22,06:16,24.0,34.1,737.7,
03/26/22,06:21,24.1,34.0,737.7,
03/26/22,06:26,24.1,33.8,737.6,
03/26/22,06:31,24.1,34.0,737.5,
03/26/22,06:36,24.0,33.9,737.5,
03/26/22,06:41,24.1,34.1,737.3,
03/26/22,06:46,24.1,33.8,737.3,
03/26/22,06:51,24.2,33.7,737.2,
03/26/22,06:56,24.1,34.0,737.1,
03/26/22,07:01,24.2,34.0,737.1,
03/26/22,07:06,24.1,34.1,736.9,
03/26/22,07:11,24.1,33.7,736.8,
03/26/22,07:16,24.1,34.1,736.6,
03/26/22,07:21,24.1,34.0,736.5,
03/26/22,07:26,24.2,34.2,736.4,
03/26/22,07:31,24.1,34.0,736.3,
03/26/22,07:36,24.1,33.7,736.2,
03/26/22,07:41,24.1,34.2,736.0,
03/26/22,07:46,24.1,33.8,735.9,
03/26/22,07:51,24.1,34.2,735.9,
03/26/22,07:56,24.1,34.0,735.8,
03/26/22,08:01,24.0,34.0,735.8,
03/26/22,08:06,24.0,34.0,735.8,
03/26/22,08:11,24.1,33.9,735.6,
03/26/22,08:16,24.1,34.0,735.6,
03/26/22,08:21,24.1,33.9,735.5,
03/26/22,08:26,24.0,33.8,735.4,
03/26/22,08:31,24.1,34.0,735.1,
03/26/22,08:36,24.1,34.1,735.0,
03/26/22,08:41,24.0,34.2,734.9,
03/26/22,08:46,24.1,33.4,734.8,
03/26/22,08:51,24.1,33.6,734.8,
03/26/22,08:56,24.0,33.4,734.6,
03/26/22,09:01,24.1,33.3,734.6,
03/26/22,09:06,24.1,33.2,734.5,
03/26/22,09:12,24.0,33.1,734.3,
03/26/22,09:17,24.0,33.1,734.2,
03/26/22,09:22,24.0,33.3,734.1,
03/26/22,09:27,24.0,33.0,733.9,
03/26/22,09:32,24.0,32.9,733.8,
03/26/22,09:37,24.0,32.8,733.6,
03/26/22,09:42,24.1,33.2,733.5,
03/26/22,09:47,24.0,32.8,733.4,
03/26/22,09:52,24.1,33.0,733.2,
03/26/22,09:57,24.1,32.7,733.1,
03/26/22,10:02,24.1,32.9,733.1,
03/26/22,10:07,24.1,33.2,733.0,
03/26/22,10:12,24.2,33.0,732.9,
03/26/22,10:17,24.3,32.7,732.8,
03/26/22,10:22,24.3,32.9,732.8,
03/26/22,10:27,24.4,32.9,732.6,
03/26/22,10:32,24.4,33.3,732.5,
03/26/22,10:37,24.4,33.4,732.5,
03/26/22,10:42,24.4,33.1,732.4,
03/26/22,10:47,24.3,33.4,732.1,
03/26/22,10:52,24.3,33.5,732.1,
03/26/22,10:57,24.3,33.8,732.0,
03/26/22,11:02,24.4,33.5,731.8,
03/26/22,11:07,24.5,33.4,731.7,
03/26/22,11:12,24.5,33.5,731.7,
03/26/22,11:17,24.5,33.4,731.8,
03/26/22,11:22,24.6,33.7,731.8,
03/26/22,11:27,24.7,33.4,731.8,
03/26/22,11:32,24.6,33.2,731.8,
03/26/22,11:37,24.8,33.3,731.7,
03/26/22,11:43,24.8,33.3,731.7,
03/26/22,11:48,24.6,33.3,731.7,
03/26/22,11:53,24.8,33.3,731.5,
03/26/22,11:58,24.8,33.0,731.4,
03/26/22,12:03,24.8,33.5,731.4,
03/26/22,12:08,24.9,33.3,731.3,
03/26/22,12:13,24.9,33.2,731.3,
03/26/22,12:18,24.9,33.8,731.3,
03/26/22,12:23,24.9,33.6,731.2,
03/26/22,12:28,24.9,33.0,731.2,
03/26/22,12:33,24.9,33.0,731.1,
03/26/22,12:38,25.1,33.0,731.1,
03/26/22,12:43,24.9,32.8,731.1,
03/26/22,12:48,25.0,32.8,731.2,
03/26/22,12:53,25.1,33.7,731.1,
03/26/22,12:58,24.9,33.3,731.1,
03/26/22,13:03,25.0,33.4,731.1,
03/26/22,13:08,24.9,33.5,731.0,
03/26/22,13:13,25.0,33.7,730.8,
03/26/22,13:18,25.0,34.1,730.6,
03/26/22,13:23,25.0,34.2,730.6,
03/26/22,13:28,25.0,34.0,730.6,
03/26/22,13:34,25.1,33.7,730.4,
03/26/22,13:39,25.2,33.8,730.4,
03/26/22,13:44,25.1,33.9,730.5,
03/26/22,13:49,25.1,33.9,731.3,
03/26/22,13:54,25.2,34.0,731.7,
03/26/22,13:59,25.2,34.3,731.6,
03/26/22,14:04,25.1,34.3,731.4,
03/26/22,14:09,25.2,34.3,731.4,
03/26/22,14:14,25.2,35.4,731.6,
03/26/22,14:19,25.2,35.4,731.8,
03/26/22,14:24,25.2,35.1,731.7,
03/26/22,14:29,25.1,34.2,731.6,
03/26/22,14:34,25.1,34.4,731.5,
03/26/22,14:39,25.1,34.4,731.5,
03/26/22,14:44,25.2,34.4,731.5,
03/26/22,14:49,25.2,34.0,731.6,
03/26/22,14:54,25.4,35.0,731.6,
03/26/22,14:59,25.3,35.1,731.5,
03/26/22,15:04,25.4,35.2,731.5,
03/26/22,15:10,25.4,34.9,731.5,
03/26/22,15:15,25.4,34.7,731.4,
03/26/22,15:20,25.3,34.8,731.4,
03/26/22,15:25,25.3,34.6,731.3,
03/26/22,15:30,25.2,34.3,731.4,
03/26/22,15:35,25.1,34.6,731.3,
03/26/22,15:40,25.2,34.3,731.4,
03/26/22,15:45,25.0,34.1,731.4,
03/26/22,15:50,25.0,34.5,731.4,
03/26/22,15:55,24.9,34.5,731.3,
03/26/22,16:00,24.9,34.6,731.3,
03/26/22,16:05,24.9,34.9,731.3,
03/26/22,16:10,25.0,36.4,731.2,
03/26/22,16:15,24.9,36.1,731.2,
03/26/22,16:20,24.9,36.7,731.2,
03/26/22,16:25,25.0,38.6,731.1,
03/26/22,16:30,24.9,37.3,731.0,
03/26/22,16:35,24.8,38.0,731.0,
03/26/22,16:40,24.9,37.6,731.0,
03/26/22,16:45,24.9,38.0,731.0,
03/26/22,16:50,24.9,37.7,730.9,
03/26/22,16:55,24.9,37.2,730.9,
03/26/22,17:00,25.0,37.0,730.9,
03/26/22,17:05,24.9,37.1,731.0,
03/26/22,17:10,24.9,37.2,731.0,
03/26/22,17:15,24.9,36.5,731.0,
03/26/22,17:20,24.9,36.2,731.2,
03/26/22,17:26,24.8,36.0,731.0,
03/26/22,17:31,24.9,36.1,731.1,
03/26/22,17:36,24.9,36.2,731.1,
03/26/22,17:41,24.9,36.1,731.1,
03/26/22,17:46,25.1,36.9,731.2,
03/26/22,17:51,25.2,37.5,731.2,
03/26/22,17:56,25.2,38.4,731.2,
03/26/22,18:01,25.2,38.7,731.2,
03/26/22,18:06,25.2,38.5,731.2,
03/26/22,18:11,25.3,38.7,731.2,
03/26/22,18:16,25.3,38.5,731.3,
03/26/22,18:21,25.3,38.5,731.3,
03/26/22,18:26,25.2,38.5,731.4,
03/26/22,18:31,25.2,38.9,731.3,
03/26/22,18:36,25.2,38.8,731.2,
03/26/22,18:41,25.3,38.2,731.2,
03/26/22,18:46,25.2,38.3,731.3,
03/26/22,18:51,25.2,38.0,731.2,
03/26/22,18:56,25.2,38.0,731.2,
03/26/22,19:01,25.1,37.2,731.2,
03/26/22,19:06,25.1,36.9,731.3,
03/26/22,19:11,25.1,35.3,731.2,
03/26/22,19:17,25.0,35.2,731.4,
03/26/22,19:22,25.0,34.7,731.4,
03/26/22,19:27,24.9,34.1,731.4,
03/26/22,19:32,25.0,33.6,731.4,
03/26/22,19:37,25.0,33.8,731.3,
03/26/22,19:42,25.1,34.0,731.2,
03/26/22,19:47,25.3,34.0,731.2,
03/26/22,19:52,25.3,34.4,731.1,
03/26/22,19:57,25.3,34.8,731.1,
03/26/22,20:02,25.3,34.9,731.1,
03/26/22,20:07,25.3,34.9,731.0,
03/26/22,20:12,25.3,35.7,731.1,
03/26/22,20:17,25.4,35.9,731.0,
03/26/22,20:22,25.2,36.3,731.0,
03/26/22,20:27,25.3,36.2,731.1,
03/26/22,20:32,25.3,36.2,731.1,
03/26/22,20:37,25.3,36.4,731.0,
03/26/22,20:42,25.3,36.6,730.9,
03/26/22,20:47,25.3,36.9,730.9,
03/26/22,20:52,25.3,37.3,730.9,
03/26/22,20:57,25.4,37.6,730.9,
03/26/22,21:02,25.2,37.3,730.9,
03/26/22,21:07,25.1,37.7,730.8,
03/26/22,21:12,25.0,37.9,731.0,
03/26/22,21:17,25.1,37.7,731.0,
03/26/22,21:23,25.2,37.4,731.0,
03/26/22,21:28,25.1,37.6,730.9,
03/26/22,21:33,25.2,37.7,731.0,
03/26/22,21:38,25.3,38.2,730.8,
03/26/22,21:43,25.3,38.1,730.8,
03/26/22,21:48,25.4,38.6,730.8,
03/26/22,21:53,25.5,38.8,730.8,
03/26/22,21:58,25.5,39.1,730.9,
03/26/22,22:03,25.4,39.4,730.9,
03/26/22,22:08,25.5,39.2,730.9,
03/26/22,22:13,25.4,39.4,730.9,
03/26/22,22:18,25.5,39.4,731.0,
03/26/22,22:23,25.5,39.2,730.9,
03/26/22,22:28,25.4,38.9,730.9,
03/26/22,22:33,25.5,39.0,731.0,
03/26/22,22:38,25.4,38.8,730.9,
03/26/22,22:43,25.4,38.4,730.9,
03/26/22,22:48,25.4,38.2,730.9,
03/26/22,22:53,25.4,38.2,730.9,
03/26/22,22:58,25.3,38.3,731.0,
03/26/22,23:03,25.4,38.2,731.0,
03/26/22,23:08,25.4,38.2,731.0,
03/26/22,23:14,25.5,38.0,731.0,
03/26/22,23:19,25.5,37.7,731.1,
03/26/22,23:24,25.5,37.7,731.1,
03/26/22,23:29,25.5,37.6,731.0,
03/26/22,23:34,25.5,37.7,731.1,
03/26/22,23:39,25.5,37.4,731.0,
03/26/22,23:44,25.4,37.8,731.2,
03/26/22,23:49,25.4,37.6,731.2,
03/26/22,23:54,25.4,37.6,731.2,
03/26/22,23:59,25.5,37.5,731.3,
03/27/22,00:04,25.5,37.3,731.3,
03/27/22,00:09,25.5,36.9,731.4,
03/27/22,00:14,25.5,37.2,731.4,
03/27/22,00:19,25.5,37.1,731.5,
03/27/22,00:24,25.5,37.1,731.6,
03/27/22,00:29,25.4,36.5,731.6,
03/27/22,00:34,25.4,36.8,731.7,
03/27/22,00:39,25.3,36.6,731.7,
03/27/22,00:44,25.2,36.3,731.8,
03/27/22,00:49,25.2,36.2,731.7,
03/27/22,00:54,25.1,36.6,731.7,
03/27/22,00:59,25.1,35.9,731.9,
03/27/22,01:04,25.1,36.4,731.8,
03/27/22,01:09,25.1,36.2,731.8,
03/27/22,01:14,25.1,36.1,731.9,
03/27/22,01:19,25.1,36.2,731.9,
03/27/22,01:24,25.0,35.9,731.8,
03/27/22,01:30,25.0,35.6,732.0,
03/27/22,01:35,24.9,35.6,732.0,
03/27/22,01:40,25.0,35.6,732.0,
03/27/22,01:45,25.0,35.5,732.1,
03/27/22,01:50,25.0,35.7,732.2,
03/27/22,01:55,25.0,35.4,732.3,
03/27/22,02:00,24.9,35.3,732.3,
03/27/22,02:05,25.0,35.4,732.3,
03/27/22,02:10,25.0,35.4,732.3,
03/27/22,02:15,24.9,35.2,732.4,
03/27/22,02:20,24.9,35.2,732.4,
03/27/22,02:25,24.9,35.4,732.4,
03/27/22,02:30,25.0,35.2,732.4,
03/27/22,02:35,24.9,35.2,732.4,
03/27/22,02:40,24.9,34.9,732.5,
03/27/22,02:45,24.9,34.8,732.5,
03/27/22,02:50,25.0,34.7,732.5,
03/27/22,02:55,24.9,34.7,732.6,
03/27/22,03:00,24.9,34.8,732.5,
03/27/22,03:05,25.0,34.5,732.6,
03/27/22,03:10,25.0,34.1,732.5,
03/27/22,03:15,24.9,34.2,732.6,
03/27/22,03:20,25.0,34.6,732.6,
03/27/22,03:25,24.9,34.3,732.6,
03/27/22,03:30,24.9,34.2,732.6,
03/27/22,03:35,24.9,34.2,732.6,
03/27/22,03:40,24.9,34.5,732.6,
03/27/22,03:45,25.0,34.5,732.7,
03/27/22,03:51,24.9,34.2,732.7,
03/27/22,03:56,24.9,34.4,732.8,
03/27/22,04:01,24.9,34.1,732.8,
03/27/22,04:06,24.9,34.0,732.8,
03/27/22,04:11,25.0,33.8,732.9,
03/27/22,04:16,25.0,34.0,732.9,
03/27/22,04:21,25.0,34.0,732.9,
03/27/22,04:26,25.0,33.7,732.9,
03/27/22,04:31,24.9,33.8,733.0,
03/27/22,04:36,25.0,33.9,733.1,
03/27/22,04:41,24.9,33.7,733.1,
03/27/22,04:46,24.9,33.7,733.2,
03/27/22,04:51,24.9,33.5,733.2,
03/27/22,04:56,24.9,33.7,733.2,
03/27/22,05:01,25.0,33.5,733.2,
03/27/22,05:06,25.0,33.8,733.3,
03/27/22,05:11,24.9,33.4,733.3,
03/27/22,05:16,25.0,33.5,733.4,
03/27/22,05:21,25.0,33.8,733.5,
03/27/22,05:26,25.0,33.7,733.5,
03/27/22,05:31,25.1,33.5,733.5,
03/27/22,05:36,24.9,33.4,733.6,
03/27/22,05:41,25.0,33.5,733.7,
03/27/22,05:46,25.0,33.6,733.8,
03/27/22,05:51,25.0,33.3,733.8,
03/27/22,05:57,25.0,33.1,733.9,
03/27/22,06:02,25.0,33.5,734.0,
03/27/22,06:07,25.1,33.5,734.0,
03/27/22,06:12,25.0,32.9,734.0,
03/27/22,06:17,25.1,33.5,734.1,
03/27/22,06:22,25.1,33.4,734.1,
03/27/22,06:27,25.0,33.3,734.3,
03/27/22,06:32,25.1,33.4,734.4,
03/27/22,06:37,25.0,33.2,734.5,
03/27/22,06:42,25.0,32.9,734.5,
03/27/22,06:47,25.0,32.8,734.6,
03/27/22,06:52,25.2,33.2,734.7,
03/27/22,06:57,25.0,33.1,734.8,
03/27/22,07:02,25.1,33.2,734.9,
03/27/22,07:07,25.1,32.9,734.8,
03/27/22,07:12,25.1,33.3,735.0,
03/27/22,07:17,25.1,32.9,735.1,
03/27/22,07:22,25.1,32.9,735.1,
03/27/22,07:27,25.1,33.0,735.2,
03/27/22,07:32,25.1,32.7,735.3,
03/27/22,07:37,25.1,32.9,735.3,
03/27/22,07:42,25.2,32.6,735.5,
03/27/22,07:47,25.1,32.4,735.6,
03/27/22,07:52,25.0,32.8,735.7,
03/27/22,07:57,25.2,32.8,735.7,
03/27/22,08:02,25.1,32.8,735.7,
03/27/22,08:07,25.1,32.8,735.7,
03/27/22,08:12,25.1,32.7,735.7,
03/27/22,08:17,25.1,32.6,735.9,
03/27/22,08:22,25.1,32.5,735.9,
03/27/22,08:27,25.1,32.6,736.1,
03/27/22,08:32,25.1,32.2,736.1,
03/27/22,08:37,25.1,32.6,736.2,
03/27/22,08:43,25.1,32.3,736.3,
03/27/22,08:48,25.2,32.4,736.4,
03/27/22,08:53,25.1,32.2,736.5,
03/27/22,08:58,25.1,32.2,736.7,
03/27/22,09:03,25.1,32.4,736.8,
03/27/22,09:08,25.1,31.7,736.7,
03/27/22,09:13,25.2,32.0,736.8,
03/27/22,09:18,25.1,32.5,736.8,
03/27/22,09:23,25.1,32.3,736.8,
03/27/22,09:28,25.1,31.7,736.9,
03/27/22,09:33,25.2,32.0,736.9,
03/27/22,09:38,25.2,31.9,737.0,
03/27/22,09:43,25.1,31.6,737.1,
03/27/22,09:48,25.1,31.6,737.2,
03/27/22,09:53,25.0,31.6,737.3,
03/27/22,09:58,25.1,31.1,737.3,
03/27/22,10:03,24.9,30.7,737.4,
03/27/22,10:08,25.0,31.3,737.4,
03/27/22,10:13,25.1,31.1,737.5,
03/27/22,10:18,25.0,31.5,737.6,
03/27/22,10:23,25.0,31.2,737.7,
03/27/22,10:28,25.1,31.0,737.8,
03/27/22,10:33,25.0,30.7,737.8,
03/27/22,10:38,25.0,30.4,737.9,
03/27/22,10:44,25.0,30.4,737.9,
03/27/22,10:49,25.0,30.6,738.0,
03/27/22,10:54,25.0,30.8,738.0,
03/27/22,10:59,25.0,30.8,738.2,
03/27/22,11:04,25.1,30.8,738.3,
03/27/22,11:09,25.1,30.4,738.3,
03/27/22,11:14,25.0,31.3,738.4,
03/27/22,11:19,25.1,30.3,738.4,
03/27/22,11:24,25.1,30.4,738.5,
03/27/22,11:29,25.1,30.1,738.4,
03/27/22,11:34,25.1,30.2,738.6,
03/27/22,11:39,25.1,30.3,738.6,
03/27/22,11:44,25.1,29.9,738.7,
03/27/22,11:49,25.1,30.3,738.7,
03/27/22,11:54,25.2,29.9,738.9,
03/27/22,11:59,25.1,30.1,739.0,
03/27/22,12:04,25.1,30.1,738.9,
03/27/22,12:09,25.1,30.4,739.0,
03/27/22,12:15,25.2,29.9,739.1,
03/27/22,12:20,25.1,29.9,739.1,
03/27/22,12:25,25.1,29.9,739.2,
03/27/22,12:30,25.1,30.0,739.2,
03/27/22,12:35,25.2,30.3,739.3,
03/27/22,12:40,25.1,30.1,739.3,
03/27/22,12:45,25.1,30.4,739.4,
03/27/22,12:50,25.1,30.3,739.5,
03/27/22,12:55,25.1,30.0,739.6,
03/27/22,13:00,25.1,30.0,739.6,
03/27/22,13:05,25.1,30.0,739.8,
03/27/22,13:10,25.1,30.4,739.6,
03/27/22,13:15,25.3,30.5,739.8,
03/27/22,13:20,25.3,30.2,739.9,
03/27/22,13:25,25.5,30.8,739.9,
03/27/22,13:30,25.4,30.4,740.0,
03/27/22,13:35,25.4,30.7,740.2,
03/27/22,13:40,25.5,30.8,740.2,
03/27/22,13:45,25.6,30.5,740.2,
03/27/22,13:50,25.7,31.0,740.4,
03/27/22,13:55,25.6,31.0,740.5,
03/27/22,14:00,25.8,31.3,740.5,
03/27/22,14:05,25.8,31.4,740.4,
03/27/22,14:10,25.8,31.3,740.5,
03/27/22,14:15,25.8,31.3,740.7,
03/27/22,14:20,25.6,32.0,740.6,
03/27/22,14:25,25.7,31.2,740.6,
03/27/22,14:30,25.6,31.2,740.7,
03/27/22,14:36,25.5,31.0,740.8,
03/27/22,14:41,25.7,31.1,741.0,
03/27/22,14:46,25.6,35.8,741.1,
03/27/22,14:51,25.4,31.9,741.0,
03/27/22,14:56,25.5,31.7,741.0,
03/27/22,15:01,25.5,31.2,741.1,
03/27/22,15:06,25.5,31.1,741.1,
03/27/22,15:11,25.4,31.3,741.3,
03/27/22,15:16,25.5,30.7,741.4,
03/27/22,15:21,25.7,30.4,741.4,
03/27/22,15:26,25.6,30.3,741.5,
03/27/22,15:31,25.6,30.7,741.5,
03/27/22,15:36,25.5,30.8,741.6,
03/27/22,15:41,25.7,30.7,741.7,
03/27/22,15:46,25.7,30.8,741.6,
03/27/22,15:51,25.6,29.9,741.6,
03/27/22,15:56,25.7,29.5,741.7,
03/27/22,16:01,25.7,29.4,741.7,
03/27/22,16:06,25.7,29.4,741.7,
03/27/22,16:11,25.7,29.2,741.7,
03/27/22,16:16,25.8,28.9,741.8,
03/27/22,16:21,25.8,29.4,741.9,
03/27/22,16:26,25.8,29.1,742.0,
03/27/22,16:31,25.7,29.9,742.0,
03/27/22,16:36,25.7,31.1,742.1,
03/27/22,16:41,25.6,32.0,742.1,
03/27/22,16:46,25.7,31.6,742.3,
03/27/22,16:51,25.5,32.1,742.2,
03/27/22,16:56,25.4,32.3,742.3,
03/27/22,17:01,25.5,32.6,742.3,
03/27/22,17:06,25.5,33.1,742.4,
03/27/22,17:11,25.6,33.1,742.5,
03/27/22,17:16,25.6,33.1,742.7,
03/27/22,17:21,25.7,33.4,742.6,
03/27/22,17:26,25.8,33.4,742.9,
03/27/22,17:31,25.7,33.5,742.8,
03/27/22,17:36,25.7,34.2,743.0,
03/27/22,17:41,25.7,34.0,743.0,
03/27/22,17:47,25.7,34.6,743.0,
03/27/22,17:52,25.8,34.8,743.1,
03/27/22,17:57,25.5,35.6,743.2,
03/27/22,18:02,25.3,35.7,743.2,
03/27/22,18:07,25.1,35.6,743.2,
03/27/22,18:12,25.3,35.9,743.2,
03/27/22,18:17,25.2,35.2,743.4,
03/27/22,18:22,25.1,36.2,743.4,
03/27/22,18:27,25.0,36.4,743.5,
03/27/22,18:32,25.1,36.7,743.5,
03/27/22,18:37,25.0,36.3,743.6,
03/27/22,18:42,25.0,36.2,743.7,
03/27/22,18:47,25.1,36.1,743.8,
03/27/22,18:52,25.1,36.0,743.7,
03/27/22,18:57,25.4,35.3,743.8,
03/27/22,19:02,25.5,34.7,743.9,
03/27/22,19:07,25.5,34.9,743.9,
03/27/22,19:12,25.6,34.1,744.0,
03/27/22,19:17,25.7,34.2,744.1,
03/27/22,19:22,25.8,34.2,744.1,
03/27/22,19:27,25.8,34.1,744.3,
03/27/22,19:33,25.7,34.3,744.3,
03/27/22,19:38,25.7,34.8,744.3,
03/27/22,19:43,25.8,34.2,744.4,
03/27/22,19:48,25.7,34.7,744.5,
03/27/22,19:53,25.1,36.2,744.6,
03/27/22,19:58,25.1,35.8,744.6,
03/27/22,20:03,24.9,35.6,744.6,
03/27/22,20:08,25.0,35.5,744.6,
03/27/22,20:13,25.1,34.4,744.6,
03/27/22,20:18,25.0,34.0,744.8,
03/27/22,20:23,24.9,34.4,744.8,
03/27/22,20:28,25.0,34.4,744.9,
03/27/22,20:33,25.1,34.0,744.9,
03/27/22,20:38,25.1,33.8,745.0,
03/27/22,20:43,25.0,33.8,745.0,
03/27/22,20:48,25.0,34.0,745.0,
03/27/22,20:53,25.0,34.2,745.1,
03/27/22,20:58,25.2,34.2,745.1,
03/27/22,21:03,25.0,34.6,745.2,
03/27/22,21:08,25.1,34.4,745.2,
03/27/22,21:13,25.1,34.3,745.2,
03/27/22,21:18,25.0,34.3,745.3,
03/27/22,21:23,25.0,34.3,745.3,
03/27/22,21:28,25.0,34.0,745.3,
03/27/22,21:33,24.9,33.9,745.4,
03/27/22,21:38,25.0,34.1,745.4,
03/27/22,21:44,25.1,33.4,745.4,
03/27/22,21:49,25.1,33.6,745.4,
03/27/22,21:54,25.4,33.0,745.4,
03/27/22,21:59,25.5,32.9,745.5,
03/27/22,22:04,25.5,32.7,745.5,
03/27/22,22:09,25.5,32.4,745.6,
03/27/22,22:14,25.5,32.2,745.7,
03/27/22,22:19,25.5,32.3,745.6,
03/27/22,22:24,25.7,32.1,745.6,
03/27/22,22:29,25.6,32.1,745.6,
03/27/22,22:34,25.6,32.0,745.7,
03/27/22,22:39,25.5,32.1,745.7,
03/27/22,22:44,25.6,32.2,745.8,
03/27/22,22:49,25.6,31.9,745.7,
03/27/22,22:54,25.6,32.1,745.9,
